<ImportExportXml version="9.2.24124.174" SolutionPackageVersion="9.2" languagecode="1033" generatedBy="CrmLive" xmlns:xsi="http://www.w3.org/2001/XMLSchema-instance" OrganizationVersion="9.2.24124.174" OrganizationSchemaType="Standard" CRMServerServiceabilityVersion="9.2.24124.00174">
  <SolutionManifest>
    <UniqueName>XrmOssXrmHtmlTemplating</UniqueName>
    <LocalizedNames>
      <LocalizedName description="Xrm.Oss.Xrm-Html-Templating" languagecode="1033" />
    </LocalizedNames>
    <Descriptions>
      <Description description="v1.4.17: Fix lost data on slow hardware &#xA;v1.4.16: Optional image upload file name&#xA;v1.4.15: Dialog on image upload of not yet created record&#xA;v1.4.14: Implemented image upload to custom entity&#xA;v 1.4.13: Support for custom onReady function&#xA;v 1.4.12: Fixed design load bug&#xA;v 1.4.11: Improve event handling and height&#xA;v 1.4.10: React to external JSON changes&#xA;v 1.4.9: Custom Script capabilities&#xA;v 1.4.8: Initial implementation of PCF HTML Designer&#xA;v 1.4.7: Added webapiclient dependency again&#xA;v 1.4.6: Various bug fixes for saving data&#xA;v 1.4.5: Hotfix for smart merge tag bug&#xA;v 1.4.4: Removed snippet entity from solution&#xA;v 1.4.3: Added update steps&#xA;v 1.4.2: Added unique name for resolving templates&#xA;v 1.4.1: Resolves #16&#xA;v 1.4.0: Implemented support for new XTL snippet function&#xA;v 1.3.0: Implemented Merge Tags&#xA;v 1.2.2: Templates are applied also on update of the template lookup on email&#xA;&#xA;MIT License&#xA;&#xA;Copyright (c) 2018 Florian Krönert&#xA;&#xA;Permission is hereby granted, free of charge, to any person obtaining a copy&#xA;of this software and associated documentation files (the &quot;Software&quot;), to deal&#xA;in the Software without restriction, including without limitation the rights&#xA;to use, copy, modify, merge, publish, distribute, sublicense, and/or sell&#xA;copies of the Software, and to permit persons to whom the Software is&#xA;furnished to do so, subject to the following conditions:&#xA;&#xA;The above copyright notice and this permission notice shall be included in all&#xA;copies or substantial portions of the Software.&#xA;&#xA;THE SOFTWARE IS PROVIDED &quot;AS IS&quot;, WITHOUT WARRANTY OF ANY KIND, EXPRESS OR&#xA;IMPLIED, INCLUDING BUT NOT LIMITED TO THE WARRANTIES OF MERCHANTABILITY,&#xA;FITNESS FOR A PARTICULAR PURPOSE AND NONINFRINGEMENT. IN NO EVENT SHALL THE&#xA;AUTHORS OR COPYRIGHT HOLDERS BE LIABLE FOR ANY CLAIM, DAMAGES OR OTHER&#xA;LIABILITY, WHETHER IN AN ACTION OF CONTRACT, TORT OR OTHERWISE, ARISING FROM,&#xA;OUT OF OR IN CONNECTION WITH THE SOFTWARE OR THE USE OR OTHER DEALINGS IN THE&#xA;SOFTWARE" languagecode="1033" />
    </Descriptions>
    <Version>1.4.17</Version>
    <Managed>0</Managed>
    <ConfigurationPage>oss_/XrmHtmlTemplating/html/xrm_html_templating.html</ConfigurationPage>
    <Publisher>
      <UniqueName>xrmoss</UniqueName>
      <LocalizedNames>
        <LocalizedName description="XRMOSS" languagecode="1033" />
      </LocalizedNames>
      <Descriptions>
        <Description description="XRMOSS" languagecode="1033" />
      </Descriptions>
      <EMailAddress xsi:nil="true"></EMailAddress>
      <SupportingWebsiteUrl xsi:nil="true"></SupportingWebsiteUrl>
      <CustomizationPrefix>oss</CustomizationPrefix>
      <CustomizationOptionValuePrefix>79273</CustomizationOptionValuePrefix>
      <Addresses>
        <Address>
          <AddressNumber>1</AddressNumber>
          <AddressTypeCode>1</AddressTypeCode>
          <City xsi:nil="true"></City>
          <County xsi:nil="true"></County>
          <Country xsi:nil="true"></Country>
          <Fax xsi:nil="true"></Fax>
          <FreightTermsCode xsi:nil="true"></FreightTermsCode>
          <ImportSequenceNumber xsi:nil="true"></ImportSequenceNumber>
          <Latitude xsi:nil="true"></Latitude>
          <Line1 xsi:nil="true"></Line1>
          <Line2 xsi:nil="true"></Line2>
          <Line3 xsi:nil="true"></Line3>
          <Longitude xsi:nil="true"></Longitude>
          <Name xsi:nil="true"></Name>
          <PostalCode xsi:nil="true"></PostalCode>
          <PostOfficeBox xsi:nil="true"></PostOfficeBox>
          <PrimaryContactName xsi:nil="true"></PrimaryContactName>
          <ShippingMethodCode>1</ShippingMethodCode>
          <StateOrProvince xsi:nil="true"></StateOrProvince>
          <Telephone1 xsi:nil="true"></Telephone1>
          <Telephone2 xsi:nil="true"></Telephone2>
          <Telephone3 xsi:nil="true"></Telephone3>
          <TimeZoneRuleVersionNumber xsi:nil="true"></TimeZoneRuleVersionNumber>
          <UPSZone xsi:nil="true"></UPSZone>
          <UTCOffset xsi:nil="true"></UTCOffset>
          <UTCConversionTimeZoneCode xsi:nil="true"></UTCConversionTimeZoneCode>
        </Address>
        <Address>
          <AddressNumber>2</AddressNumber>
          <AddressTypeCode>1</AddressTypeCode>
          <City xsi:nil="true"></City>
          <County xsi:nil="true"></County>
          <Country xsi:nil="true"></Country>
          <Fax xsi:nil="true"></Fax>
          <FreightTermsCode xsi:nil="true"></FreightTermsCode>
          <ImportSequenceNumber xsi:nil="true"></ImportSequenceNumber>
          <Latitude xsi:nil="true"></Latitude>
          <Line1 xsi:nil="true"></Line1>
          <Line2 xsi:nil="true"></Line2>
          <Line3 xsi:nil="true"></Line3>
          <Longitude xsi:nil="true"></Longitude>
          <Name xsi:nil="true"></Name>
          <PostalCode xsi:nil="true"></PostalCode>
          <PostOfficeBox xsi:nil="true"></PostOfficeBox>
          <PrimaryContactName xsi:nil="true"></PrimaryContactName>
          <ShippingMethodCode>1</ShippingMethodCode>
          <StateOrProvince xsi:nil="true"></StateOrProvince>
          <Telephone1 xsi:nil="true"></Telephone1>
          <Telephone2 xsi:nil="true"></Telephone2>
          <Telephone3 xsi:nil="true"></Telephone3>
          <TimeZoneRuleVersionNumber xsi:nil="true"></TimeZoneRuleVersionNumber>
          <UPSZone xsi:nil="true"></UPSZone>
          <UTCOffset xsi:nil="true"></UTCOffset>
          <UTCConversionTimeZoneCode xsi:nil="true"></UTCConversionTimeZoneCode>
        </Address>
      </Addresses>
    </Publisher>
    <RootComponents>
      <RootComponent type="1" schemaName="email" behavior="2" />
      <RootComponent type="1" schemaName="oss_htmltemplate" behavior="0" />
      <RootComponent type="1" schemaName="oss_xtlsnippet" behavior="2" />
      <RootComponent type="61" schemaName="oss_/XrmHtmlTemplating/css/bootstrap.min.css" behavior="0" />
      <RootComponent type="61" schemaName="oss_/XrmHtmlTemplating/html/xrm_html_templating.html" behavior="0" />
      <RootComponent type="61" schemaName="oss_/XrmHtmlTemplating/img/save_as_icon_16.png" behavior="0" />
      <RootComponent type="61" schemaName="oss_/XrmHtmlTemplating/img/save_as_icon_32.png" behavior="0" />
      <RootComponent type="61" schemaName="oss_/XrmHtmlTemplating/img/template_icon_16.png" behavior="0" />
      <RootComponent type="61" schemaName="oss_/XrmHtmlTemplating/img/template_icon_32.png" behavior="0" />
      <RootComponent type="61" schemaName="oss_/XrmHtmlTemplating/js/html_template_ribbon.js" behavior="0" />
      <RootComponent type="61" schemaName="oss_/XrmHtmlTemplating/js/WebApiClient.js" behavior="0" />
      <RootComponent type="61" schemaName="oss_/XrmHtmlTemplating/js/xrm_html_templating.js" behavior="0" />
      <RootComponent type="66" schemaName="oss_oss.HTMLWYSIWYGEDITOR" behavior="0" />
      <RootComponent type="92" id="{18d34d14-76dd-ea11-810c-0050568e4745}" behavior="0" />
      <RootComponent type="92" id="{6763d764-a9da-e811-80ee-0050568e4745}" behavior="0" />
      <RootComponent type="92" id="{6893a209-0f39-ea11-8104-0050568e4745}" behavior="0" />
      <RootComponent type="92" id="{95dfffb4-dc24-e911-80f4-0050568e4745}" behavior="0" />
      <RootComponent type="92" id="{c496d301-76dd-ea11-810c-0050568e4745}" behavior="0" />
      <RootComponent type="92" id="{d45c8ae3-0e39-ea11-8104-0050568e4745}" behavior="0" />
      <RootComponent type="92" id="{e8962190-0e39-ea11-8104-0050568e4745}" behavior="0" />
      <RootComponent type="92" id="{f0aed8b8-0e39-ea11-8104-0050568e4745}" behavior="0" />
      <RootComponent type="92" id="{fa279365-dc24-e911-80f4-0050568e4745}" behavior="0" />
      <RootComponent type="92" id="{fb642c1d-a9da-e811-80ee-0050568e4745}" behavior="0" />
    </RootComponents>
    <MissingDependencies>
      <MissingDependency>
        <Required type="1" schemaName="oss_xtlsnippet" displayName="XTL Snippet" solution="Active" />
        <Dependent type="1" schemaName="oss_xtlsnippet" displayName="XTL Snippet" />
      </MissingDependency>
      <MissingDependency>
        <Required type="10" schemaName="oss_oss_xtlsnippet_oss_xtlsnippet_ParentSnippet" displayName="oss_oss_xtlsnippet_oss_xtlsnippet_ParentSnippet" parentSchemaName="oss_xtlsnippet" parentDisplayName="XTL Snippet" solution="Active" />
        <Dependent type="60" displayName="Information" parentDisplayName="XTL Snippet" id="{b52065c7-5b27-4350-88ce-4c679e1777b0}" />
      </MissingDependency>
      <MissingDependency>
        <Required type="2" schemaName="oss_containsplaintext" displayName="Contains Plain Text" parentSchemaName="oss_xtlsnippet" parentDisplayName="XTL Snippet" solution="Active" />
        <Dependent type="60" displayName="Information" parentDisplayName="XTL Snippet" id="{b52065c7-5b27-4350-88ce-4c679e1777b0}" />
      </MissingDependency>
      <MissingDependency>
        <Required type="2" schemaName="oss_ishtml" displayName="Is HTML" parentSchemaName="oss_xtlsnippet" parentDisplayName="XTL Snippet" solution="Active" />
        <Dependent type="60" displayName="Information" parentDisplayName="XTL Snippet" id="{b52065c7-5b27-4350-88ce-4c679e1777b0}" />
      </MissingDependency>
      <MissingDependency>
        <Required type="2" schemaName="oss_name" displayName="Name" parentSchemaName="oss_xtlsnippet" parentDisplayName="XTL Snippet" solution="Active" />
        <Dependent type="60" displayName="Information" parentDisplayName="XTL Snippet" id="{b52065c7-5b27-4350-88ce-4c679e1777b0}" />
      </MissingDependency>
      <MissingDependency>
        <Required type="2" schemaName="oss_parentsnippet" displayName="Parent Snippet" parentSchemaName="oss_xtlsnippet" parentDisplayName="XTL Snippet" solution="Active" />
        <Dependent type="60" displayName="Information" parentDisplayName="XTL Snippet" id="{b52065c7-5b27-4350-88ce-4c679e1777b0}" />
      </MissingDependency>
      <MissingDependency>
        <Required type="2" schemaName="oss_uniquename" displayName="Unique Name" parentSchemaName="oss_xtlsnippet" parentDisplayName="XTL Snippet" solution="Active" />
        <Dependent type="60" displayName="Information" parentDisplayName="XTL Snippet" id="{b52065c7-5b27-4350-88ce-4c679e1777b0}" />
      </MissingDependency>
      <MissingDependency>
        <Required type="2" schemaName="oss_xtlexpression" displayName="XTL Expression" parentSchemaName="oss_xtlsnippet" parentDisplayName="XTL Snippet" solution="Active" />
        <Dependent type="60" displayName="Information" parentDisplayName="XTL Snippet" id="{b52065c7-5b27-4350-88ce-4c679e1777b0}" />
      </MissingDependency>
      <MissingDependency>
        <Required type="2" schemaName="ownerid" displayName="Owner" parentSchemaName="oss_xtlsnippet" parentDisplayName="XTL Snippet" solution="Active" />
        <Dependent type="60" displayName="Information" parentDisplayName="XTL Snippet" id="{b52065c7-5b27-4350-88ce-4c679e1777b0}" />
      </MissingDependency>
      <MissingDependency>
        <Required type="61" schemaName="oss_/XrmTemplatingLanguage/js/xtl-snippet.form.js" displayName="oss_/XrmTemplatingLanguage/js/xtl-snippet.form.js" solution="Active" />
        <Dependent type="60" displayName="Information" parentDisplayName="XTL Snippet" id="{b52065c7-5b27-4350-88ce-4c679e1777b0}" />
      </MissingDependency>
      <MissingDependency>
        <Required type="66" schemaName="MscrmControls.RichTextEditor.RichTextEditorControl" displayName="MscrmControls.RichTextEditor.RichTextEditorControl" solution="msdyn_RichTextEditor (1.0.0.4411)">
          <package appName="msdynce_Activities" version="9.0.24122.241206000">msdynce_EnableUCIByDefault (9.0.24122.241206000)</package>
          <package appName="msdyn_CustomControlsExtended" version="1.0.0.1840">msdyn_TimelineExtended (1.0.0.1840)</package>
        </Required>
        <Dependent type="60" displayName="Information" parentDisplayName="XTL Snippet" id="{b52065c7-5b27-4350-88ce-4c679e1777b0}" />
      </MissingDependency>
      <MissingDependency>
        <Required type="90" schemaName="Xrm.Oss.XTL.Templating.XTLProcessor, Xrm.Oss.XTL.Templating, Version=1.0.357.0, Culture=neutral, PublicKeyToken=cfb021492fd84ce3" displayName="Xrm.Oss.XTL.Templating.XTLProcessor" solution="Active" id="{34582d7e-d153-eb11-a812-000d3abfa404}" />
        <Dependent type="92" id="{18d34d14-76dd-ea11-810c-0050568e4745}" />
      </MissingDependency>
      <MissingDependency>
        <Required type="90" schemaName="Xrm.Oss.XTL.Templating.XTLProcessor, Xrm.Oss.XTL.Templating, Version=1.0.357.0, Culture=neutral, PublicKeyToken=cfb021492fd84ce3" displayName="Xrm.Oss.XTL.Templating.XTLProcessor" solution="Active" id="{34582d7e-d153-eb11-a812-000d3abfa404}" />
        <Dependent type="92" id="{6763d764-a9da-e811-80ee-0050568e4745}" />
      </MissingDependency>
      <MissingDependency>
        <Required type="90" schemaName="Xrm.Oss.XTL.Templating.XTLProcessor, Xrm.Oss.XTL.Templating, Version=1.0.357.0, Culture=neutral, PublicKeyToken=cfb021492fd84ce3" displayName="Xrm.Oss.XTL.Templating.XTLProcessor" solution="Active" id="{34582d7e-d153-eb11-a812-000d3abfa404}" />
        <Dependent type="92" id="{6893a209-0f39-ea11-8104-0050568e4745}" />
      </MissingDependency>
      <MissingDependency>
        <Required type="90" schemaName="Xrm.Oss.XTL.Templating.XTLProcessor, Xrm.Oss.XTL.Templating, Version=1.0.357.0, Culture=neutral, PublicKeyToken=cfb021492fd84ce3" displayName="Xrm.Oss.XTL.Templating.XTLProcessor" solution="Active" id="{34582d7e-d153-eb11-a812-000d3abfa404}" />
        <Dependent type="92" id="{95dfffb4-dc24-e911-80f4-0050568e4745}" />
      </MissingDependency>
      <MissingDependency>
        <Required type="90" schemaName="Xrm.Oss.XTL.Templating.XTLProcessor, Xrm.Oss.XTL.Templating, Version=1.0.357.0, Culture=neutral, PublicKeyToken=cfb021492fd84ce3" displayName="Xrm.Oss.XTL.Templating.XTLProcessor" solution="Active" id="{34582d7e-d153-eb11-a812-000d3abfa404}" />
        <Dependent type="92" id="{c496d301-76dd-ea11-810c-0050568e4745}" />
      </MissingDependency>
      <MissingDependency>
        <Required type="90" schemaName="Xrm.Oss.XTL.Templating.XTLProcessor, Xrm.Oss.XTL.Templating, Version=1.0.357.0, Culture=neutral, PublicKeyToken=cfb021492fd84ce3" displayName="Xrm.Oss.XTL.Templating.XTLProcessor" solution="Active" id="{34582d7e-d153-eb11-a812-000d3abfa404}" />
        <Dependent type="92" id="{d45c8ae3-0e39-ea11-8104-0050568e4745}" />
      </MissingDependency>
      <MissingDependency>
        <Required type="90" schemaName="Xrm.Oss.XTL.Templating.XTLProcessor, Xrm.Oss.XTL.Templating, Version=1.0.357.0, Culture=neutral, PublicKeyToken=cfb021492fd84ce3" displayName="Xrm.Oss.XTL.Templating.XTLProcessor" solution="Active" id="{34582d7e-d153-eb11-a812-000d3abfa404}" />
        <Dependent type="92" id="{e8962190-0e39-ea11-8104-0050568e4745}" />
      </MissingDependency>
      <MissingDependency>
        <Required type="90" schemaName="Xrm.Oss.XTL.Templating.XTLProcessor, Xrm.Oss.XTL.Templating, Version=1.0.357.0, Culture=neutral, PublicKeyToken=cfb021492fd84ce3" displayName="Xrm.Oss.XTL.Templating.XTLProcessor" solution="Active" id="{34582d7e-d153-eb11-a812-000d3abfa404}" />
        <Dependent type="92" id="{f0aed8b8-0e39-ea11-8104-0050568e4745}" />
      </MissingDependency>
      <MissingDependency>
        <Required type="90" schemaName="Xrm.Oss.XTL.Templating.XTLProcessor, Xrm.Oss.XTL.Templating, Version=1.0.357.0, Culture=neutral, PublicKeyToken=cfb021492fd84ce3" displayName="Xrm.Oss.XTL.Templating.XTLProcessor" solution="Active" id="{34582d7e-d153-eb11-a812-000d3abfa404}" />
        <Dependent type="92" id="{fa279365-dc24-e911-80f4-0050568e4745}" />
      </MissingDependency>
      <MissingDependency>
        <Required type="90" schemaName="Xrm.Oss.XTL.Templating.XTLProcessor, Xrm.Oss.XTL.Templating, Version=1.0.357.0, Culture=neutral, PublicKeyToken=cfb021492fd84ce3" displayName="Xrm.Oss.XTL.Templating.XTLProcessor" solution="Active" id="{34582d7e-d153-eb11-a812-000d3abfa404}" />
        <Dependent type="92" id="{fb642c1d-a9da-e811-80ee-0050568e4745}" />
      </MissingDependency>
    </MissingDependencies>
  </SolutionManifest>
</ImportExportXml>