<manifest><control namespace="oss" constructor="HTMLWYSIWYGEDITOR" version="0.0.84" display-name-key="HTMLWYSIWYGEDITOR" description-key="HTMLWYSIWYGEDITOR description" control-type="virtual" api-version="1.3.5"><external-service-usage enabled="false" /><type-group name="text"><type>SingleLine.Text</type><type>Multiple</type><type>SingleLine.TextArea</type><type>SingleLine.Email</type><type>SingleLine.Phone</type><type>SingleLine.URL</type><type>SingleLine.Ticker</type></type-group><property name="jsonInputField" display-name-key="JSON Input Field" description-key="Field from where to load input JSON" of-type-group="text" usage="bound" required="true" /><property name="htmlOutputField" display-name-key="HTML Output Field" description-key="Field where to store the generated HTML" of-type-group="text" usage="bound" required="true" /><property name="customScriptPath" display-name-key="Custom Script Path" description-key="Relative URL to your custom script to run, looks like /WebResources/..." of-type-group="text" usage="input" /><property name="customScriptInitFunc" display-name-key="Custom Script Init Func" description-key="Namespace of the custom init func for the unlayer editor" of-type-group="text" usage="input" /><property name="customScriptOnReadyFunc" display-name-key="Custom Script OnReady Func" description-key="Namespace of the custom onReady func for the unlayer editor" of-type-group="text" usage="input" /><property name="projectId" display-name-key="Project Id" description-key="Your unlayer editor project Id" of-type="Whole.None" usage="input" /><property name="displayMode" display-name-key="Display Mode" description-key="Which display mode to initialize in Unlayer editor. Email or Web, defaults to web" of-type-group="text" usage="input" /><property name="imageUploadEntity" display-name-key="Image Upload Entity" description-key="Logical Name of entity where images should be stored" of-type-group="text" usage="input" /><property name="imageUploadEntityFileNameField" display-name-key="Image Upload Entity File Name Field" description-key="Logical Name of field where file name should be stored as record name" of-type-group="text" usage="input" /><property name="imageUploadEntityBodyField" display-name-key="Image Upload Entity Body Field" description-key="Logical Name of field where file content should be stored. Can be of type file or image." of-type-group="text" usage="input" /><property name="imageUploadEntityParentLookupName" display-name-key="Image Upload Entity Parent Lookup Name" description-key="SCHEMA NAME of field in the image upload entity which points to the current templating record" of-type-group="text" usage="input" /><resources><code path="bundle.js" order="1" /><platform-library name="React" version="16.8.6" /><platform-library name="Fluent" version="8.29.0" /></resources><built-by name="pac" version="1.22.2" /></control></manifest>